<?xml version="1.0" encoding="UTF-8"?>
<!DOCTYPE mapper
  PUBLIC "-//mybatis.org//DTD Mapper 3.0//EN"
  "https://mybatis.org/dtd/mybatis-3-mapper.dtd">
<mapper namespace="com.group7.inmybucket.dao.BoardDAO">
	<insert id="boardInsert">
		insert into board(no, subject, content, userid,username, writedate,ip, hit) values(board_sq.nextval, #{subject}, #{content}, #{userid}, #{username},sysdate, #{ip}, 0) 
	</insert>
	<select id="totalRecord" resultType="int">
		select count(b.no) from board b join usertable r on b.userid=r.userid
		<if test="searchWord!=null"> <!-- 검색어가 있을 경우 -->
			where b.${searchKey} like '%${searchWord}%' order by b.userid desc
		</if>
	</select>
	<select id="pageSelect" resultType="com.group7.inmybucket.dto.BoardDTO">
		  SELECT * FROM ( SELECT ROWNUM RN, A.* FROM ( SELECT * FROM board ORDER BY no desc) A WHERE ROWNUM &lt;= ${nowPage * 10} ) WHERE RN > ${(nowPage-1) * 10}

	<if test="searchWord!=null"> <!-- 검색어가 있을 경우 -->
		and ${searchKey} like '%${searchWord}%' 
	</if>
	
<!--
SELECT *
FROM (
  SELECT ROWNUM RN, A.*
  FROM (
    SELECT *
    FROM 테이블명
    ORDER BY 정렬컬럼
  ) A
  WHERE ROWNUM <= 페이지번호 * 페이지당행수
)
WHERE RN > (페이지번호 - 1) * 페이지당행수;
-->
	</select>
	<select id="boardSelect" resultType="com.group7.inmybucket.dto.BoardDTO">
		select b.no, b.subject, b.content, r.usernick, r.userid, b.hit, b.writedate 
		from board b join usertable r 
		on b.userid=r.userid and b.no=#{param1}	
	</select>
	<select id="boardEditSelect" resultType="com.group7.inmybucket.dto.BoardDTO">
		select no, subject, content from board where no=#{param1}
	</select>
	<update id="boardUpdate" parameterType="com.group7.inmybucket.dto.BoardDTO">
		update board set subject=#{subject}, content=#{content} where no=${no} and userid=#{userid}
	</update>
	<update id="boardHitCount" parameterType="int">
		update board set hit=hit+1 where no=#{param1}
	</update>
	<delete id="boardDelete">
		delete from board where no=#{no} and userid=#{userid}
	</delete>
	<delete id="boardMultiLineDelete">
		<!-- delete from board where no in (45,46,23,35, ...); -->
		delete from board
		<foreach item="item" collection="list" open="where no in(" separator=", " close=")">
			#{item}
		</foreach>
	</delete>
	
	<delete id="adboardDelete">
		delete from board where no=#{no}
	</delete>
	<delete id="adboardMultiLineDelete">
		<!-- delete from board where no in (45,46,23,35, ...); -->
		delete from board
		<foreach item="item" collection="list" open="where no in(" separator=", " close=")">
			#{item}
		</foreach>
	</delete>
	
</mapper>