<?xml version="1.0" encoding="UTF-8"?>
<!DOCTYPE mapper
  PUBLIC "-//mybatis.org//DTD Mapper 3.0//EN"
  "https://mybatis.org/dtd/mybatis-3-mapper.dtd">
<mapper namespace="com.group7.inmybucket.dao.BucketDAO">
	<insert id="bucketInsert">
		insert into bucket_ref(bucket_no, userid, title, content, category, isgroup, isvisible, capacity)
		values(bucket_seq.nextval, #{userid}, #{title}, #{content}, #{category}, ${isgroup}, ${isvisible}, ${capacity})
		<selectKey resultType="int" keyProperty="bucket_no" order="AFTER">
			select bucket_seq.currval from dual
		</selectKey>
	</insert>
	<delete id="bucketDelete">
		delete from bucket_ref where bucket_no=${param1}
	</delete>
	<insert id="imageFileInsert" parameterType="java.util.List">
		<foreach item="item" collection="list" open="insert all" separator=" " close="select * from dual">
			into imagepath(bucket_no, filename) values(#{item.bucket_no}, #{item.filename})
		</foreach>
	</insert>
	<select id="bucketAllSelect" resultType="com.group7.inmybucket.dto.BucketDTO">
		select b.bucket_no, b.title, b.content, b.isvisible, b.isgroup, b.capacity, b.category, to_char(b.bucket_writedate, 'YYYY-MM-DD') writedate, b.userid, b.progress_status, u.usernick 
		from bucket_ref b join usertable u on b.userid=u.userid order by b.bucket_no desc
	</select>
	<select id="bucketSelect" resultType="com.group7.inmybucket.dto.BucketDTO">
		select b.bucket_no, b.title, b.content, b.isvisible, b.isgroup, b.capacity, b.category, to_char(b.bucket_writedate, 'YYYY-MM-DD') writedate, b.userid, b.progress_status, u.usernick
		from bucket_ref b join usertable u on b.userid=u.userid where b.bucket_no=${param1}
	</select>
	<select id="imageFileSelect" resultType="com.group7.inmybucket.dto.ImageFileDTO">
		select bucket_no, filename from imagepath where bucket_no=${param1}
	</select>
	<select id="bucketEditSelect" resultType="com.group7.inmybucket.dto.BucketDTO">
		select bucket_no, title, content from bucket_ref
		where bucket_no=${param1}
	</select>
	<select id="imageFilenameList" resultType="String">
		select filename from imagepath where bucket_no=${param}
	</select>
	<update id="bucketEditUpdate">
		update bucket_ref set title=#{title}, content=#{content}, progress_status=${progress_status}, isvisible=${isvisible}
		where bucket_no=${bucket_no} and userid=#{userid}
	</update>
	<delete id="bucketEditDelete">
		delete from bucket_ref where bucket_no=${param1} and userid=#{param2}
	</delete>
	<delete id="imageFileDelete">
		delete from imagepath where bucket_no=${param1}
	</delete>
	<insert id="imageFileEditInsert" parameterType="java.util.List">
		<foreach item="item" collection="list" open="insert all" separator=" " close="select * from dual">
			into imagepath(bucket_no, filename) values(#{item.bucket_no}, #{item.filename})
		</foreach>
	</insert>
	<select id="bucketReportSelect" resultType="com.group7.inmybucket.dto.BucketDTO">
		select bucket_no, title, content from bucket_ref
		where bucket_no=${param1}
	</select>
	<insert id="bucketSaveLike" parameterType="com.group7.inmybucket.vo.LikeVO">
		insert into bucket_like(like_no, bucket_no, userid) values(like_sq.nextval, ${bucket_no}, #{userid})
	</insert>
	<update id="bucketLikeUp">
		update bucket_ref set like_count = like_count+1 where bucket_no=${bucket_no}
	</update>
	<delete id="bucketRemoveLike">
		delete from bucket_like where bucket_no=${bucket_no} and userid=#{userid}
	</delete>
	<update id="bucketLikeDown">
		update bucket_ref set like_count = like_count-1 where bucket_no=${bucket_no}
	</update>
	<select id="bucketLikeCount" resultType="int">
		select like_count from bucket_ref where bucket_no=${bucket_no}
	</select>
	<select id="isLike" resultType="integer">
		select like_no from bucket_like where bucket_no=#{bucket_no} and userid=#{userid}
	</select>
	<select id="commentCount" resultType="int">
		select count(*) from bucket_comment where bucket_no = ${bucket_no}
	</select>
	<select id="groupMemberNick" resultType="String">
		select usernick from group_member_list g join usertable u on g.userid=u.userid where g.group_no=#{bucket_no}
	</select>
	<select id="isGroupRequest" resultType="int">
		select count(*) from group_queue where group_no=${param1} and userid=#{param2}
	</select>
	<insert id="groupQueueInsert">
		insert into group_queue values(${param1}, #{param2})
	</insert>
	<insert id="groupMemberInsert">
		insert into group_member_list values(#{userid}, ${bucket_no})
	</insert>
</mapper>