<?xml version="1.0" encoding="UTF-8"?>
<!DOCTYPE mapper
  PUBLIC "-//mybatis.org//DTD Mapper 3.0//EN"
  "https://mybatis.org/dtd/mybatis-3-mapper.dtd">
<mapper namespace="com.group7.inmybucket.dao.CommentDAO">
	<insert id="commentInsert">
		insert into comment_board(c_no, no, coment, userid, writedate ,ip ) values(comment_sq.nextval, #{no}, #{coment}, #{userid}, sysdate,#{ip} )
	</insert>
	<select id="commentListSelect" resultType="com.group7.inmybucket.dto.CommentDTO">
		select c_no, no, coment, userid, writedate from comment_board where no=#{param1} order by c_no desc
<!-- 		select c.c_no, c.no, c.coment, r.usernick, r.userid, c.writedate 
		from commet_board c join usertable r 
		on c.userid=r.userid and c.no=#{param1} -->
	</select>
	<update id="commentUpdate">
		update comment_board set coment=#{coment} where c_no=#{c_no} and userid=#{userid}
	</update>
	<delete id="commentDelete">
		delete from comment_board where c_no=${param1} and userid=#{param2}
	</delete>
	
	<delete id="CommentMultiDel">
		<!-- delete from board where no in (45,46,23,35, ...); -->
		delete from comment_board
		<foreach item="item" collection="list" open="where c_no in(" separator=", " close=")">
			#{item}
		</foreach>
	</delete>
	
<!-- 	<select id="totalRecord" resultType="int">
		select count(*) from comment_board
	</select> -->
	
	 
			
	<select id="totalRecord" resultType="int">
		select count(*) from comment_board  
		<!-- 검색어가 있을 경우 -->
		<if test="searchWord!=null">  
			where ${searchKey} like '%${searchWord}%' 
		</if>
	</select>
	<select id="pageSelect" resultType="com.group7.inmybucket.dto.CommentDTO">
		select * from
			(select * from
				(select from comment_board 
				<if test="searchWord!=null"> 검색어가 있을 경우
					and ${searchKey} like '%${searchWord}%'
				</if>
				
				order by userid desc)
		
			<![CDATA[
			where rownum<=${onePageRecord*nowPage} order by no asc)
			]]>
		<choose>	
			<when test="nowPage!=totalPage">
				<![CDATA[
				where rownum<=${onePageRecord} order by no desc
				]]>
			</when>
			<when test="nowPage==totalPage">
				<![CDATA[
				where rownum<=${lastPageRecord} order by no desc
				]]>
			</when>
		</choose>
	</select>
	
	
	
		<select id="commentListSelectAll" resultType="com.group7.inmybucket.dto.CommentDTO">
		  SELECT * FROM ( SELECT ROWNUM RN, A.* FROM ( SELECT * FROM comment_board ORDER BY c_no desc) A WHERE ROWNUM &lt;= ${nowPage * 10} ) WHERE RN > ${(nowPage-1) * 10} 
		  
		  
	<if test="searchWord!=null"> <!-- 검색어가 있을 경우 -->
		and ${searchKey} like '%${searchWord}%' 
	</if>
	
<!--
SELECT *
FROM (
  SELECT ROWNUM RN, A.*
  FROM (
    SELECT *
    FROM 테이블명
    ORDER BY 정렬컬럼
  ) A
  WHERE ROWNUM <= 페이지번호 * 페이지당행수
)
WHERE RN > (페이지번호 - 1) * 페이지당행수;
-->
	</select>
	
	
	
	
	
	
</mapper>