<?xml version="1.0" encoding="UTF-8"?>
<!DOCTYPE mapper
  PUBLIC "-//mybatis.org//DTD Mapper 3.0//EN"
  "https://mybatis.org/dtd/mybatis-3-mapper.dtd">
  <mapper namespace="com.group7.inmybucket.dao.FeedDAO">
  	<select id="allBucketCount" resultType="int">
  		select count(bucket_no) from bucket_ref
  	</select>
  	<select id="accomplishedBucketCount" resultType="int">
  		select count(bucket_no) from bucket_ref where progress_status=2
  	</select>
  	<select id="userExCount" resultType="int">
  		<![CDATA[
  		select nvl(round(100*userYesCnt/userAllCnt),0) from
			(select count(*) userYesCnt from (select userid from bucket_ref where progress_status=2 group by userid)) a
			cross join
			(select count(*) userAllCnt from usertable where permission<>9) b
		]]>
	</select>
  	<select id="feedCount" resultType="int">
  		select count(bucket_no) from bucket_ref
  		where isvisible=1
 			<if test="listFilter!=null and listFilter!='all' and listFilter!=''">
  				and isgroup=${listFilter} 
  			</if>
  			<if test="category!=null and category!='all' and category!=''">
  				and category=#{category, jdbcType=VARCHAR} 
  			</if> 
  			<if test="searchWord!=null and searchWord!=''">
  				and title like '%${searchWord}%'
  			</if>
  	</select>
  	<select id="listAll" resultType="com.group7.inmybucket.dto.FeedDTO">
		select userid, bucket_no, isgroup, isvisible, title, progress_status, category, like_count, writedate, comment_count, filename from
		(
	        select * from 
	        (
	            select userid, bucket_no, isgroup, isvisible, title, progress_status, category, like_count, to_char(bucket_writedate, 'YY/MM/DD') writedate 
	            from bucket_ref
	            where isvisible=1 
	            <if test="category!=null and category!='all' and category!=''">
  					and category=#{category} 
	  			</if>
	  			<if test="listFilter!=null and listFilter!='all' and listFilter!=''">
	  				and isgroup=#{listFilter} 
	  			</if>
	  			<if test="searchWord!=null and searchWord!=''">
	  				and title like '%${searchWord}%'
	  			</if>
	        ) b 
	        left join (select bucket_no, count(1) comment_count from bucket_comment group by bucket_no) c on b.bucket_no=c.bucket_no
	        left join (select bucket_no, filename from imagepath) i on b.bucket_no=i.bucket_no
	        <choose>
				<when test="listSort!=null and listSort!='recent' and listSort!=''">
					order by b.like_count desc, b.bucket_no desc
				</when>
				<otherwise>
					order by b.bucket_no desc
				</otherwise>
			</choose>
		)
		<![CDATA[
		where rownum <=36
		]]>

  	</select>
  	<select id="userList" resultType="com.group7.inmybucket.dto.FeedDTO">
  		select u.userid, u.usernick, p.filename from usertable u join profile p on u.userid=p.userid 
  		<if test="searchWord!=null and searchWord!=''">
  		where u.usernick like '%${searchWord}%'
  		</if>
  	</select>
  	<select id="userCount" resultType="int">
  		select count(*) from USERTABLE 
  		<if test="searchWord!=null and searchWord!=''">
  		where USERNICK like '%${searchWord}%'
  		</if>
  	</select>
  	<select id="filenameSelect" resultType="com.group7.inmybucket.dto.FeedDTO">
  		select filename from imagepath
  		where bucket_no=${param1}
  	</select>
  	<select id="imageFeedSelect" resultType="String">
  		select filename from imagepath
  	</select>
  </mapper>