<?xml version="1.0" encoding="UTF-8"?>
<!DOCTYPE mapper
  PUBLIC "-//mybatis.org//DTD Mapper 3.0//EN"
  "https://mybatis.org/dtd/mybatis-3-mapper.dtd">
<mapper namespace="com.group7.inmybucket.dao.MyPageDAO">
	<select id="getUsernick" resultType="String" parameterType="String">
		SELECT usernick FROM USERTABLE WHERE userid = #{ param1,jdbcType=VARCHAR }
	</select>
	<select id="getProfile" resultType="com.group7.inmybucket.dto.ProfileDTO" parameterType="String">
		SELECT * FROM PROFILE WHERE userid = #{ param1,jdbcType=VARCHAR }
	</select>
	<update id="updateMypageUser" parameterType="com.group7.inmybucket.dto.ProfileDTO">
		UPDATE PROFILE SET status_message = #{ status_message }, filename = #{ filename } WHERE userid = #{ userid }
	</update>
	<update id="updateMypageNickname" parameterType="String">
		UPDATE USERTABLE SET usernick = #{ param2 } WHERE userid = #{ param1,jdbcType=VARCHAR }
	</update>
	
	<select id="feedCount" resultType="int">
		select count(bucket_no) from bucket_ref
  		where userid=#{userid}  
 			<if test="vo.listFilter!='all' and vo.listFilter!=''">
  				and isgroup=#{vo.listFilter}
  			</if>
	</select>
	<select id="listLike" resultType="com.group7.inmybucket.dto.FeedDTO">
	select * from
	(
	        select b.userid, b.bucket_no, b.isgroup, b.isvisible, b.title, b.progress_status, b.category, b.like_count, b.writedate, c.comment_count, i.filename from 
	        (
	            select userid, bucket_no, isgroup, isvisible, title, progress_status, category, like_count, to_char(bucket_writedate, 'YY/MM/DD') writedate 
		    		from bucket_ref 
		    		where isvisible=1 and bucket_no = any(select bucket_no from bucket_like where userid=#{userid})
		            <if test="vo.listFilter!=null and vo.listFilter!='all' and vo.listFilter!=''">
						and isgroup=#{vo.listFilter} 
					</if>
	        ) b 
	        left join (select bucket_no, count(1) comment_count from bucket_comment group by bucket_no) c on b.bucket_no=c.bucket_no
	        left join (select bucket_no, filename from imagepath) i on b.bucket_no=i.bucket_no
    		<choose>
				<when test="vo.listSort!=null and vo.listSort!='recent' and vo.listSort!=''">
					order by b.like_count desc, b.bucket_no desc
				</when>
				<otherwise>
					order by b.bucket_no desc
				</otherwise>
			</choose>
		)
		<![CDATA[
		where rownum <=12
		]]>
	</select>
	<select id="listMine" resultType="com.group7.inmybucket.dto.FeedDTO">
		select * from
		(
	        select b.userid, b.bucket_no, b.isgroup, b.isvisible, b.title, b.progress_status, b.category, b.like_count, b.writedate, c.comment_count, i.filename from 
	        (
	            select userid, bucket_no, isgroup, isvisible, title, progress_status, category, like_count, to_char(bucket_writedate, 'YY/MM/DD') writedate 
	            from bucket_ref
	            where userid=#{userid} 
	            <if test="vo.listFilter!=null and vo.listFilter!='all' and vo.listFilter!=''">
					and isgroup=#{vo.listFilter} 
				</if>
	        ) b 
	        left join (select bucket_no, count(1) comment_count from bucket_comment group by bucket_no) c on b.bucket_no=c.bucket_no
	        left join (select bucket_no, filename from imagepath) i on b.bucket_no=i.bucket_no
    		<choose>
				<when test="vo.listSort!=null and vo.listSort!='recent' and vo.listSort!=''">
					order by b.like_count desc, b.bucket_no desc
				</when>
				<otherwise>
					order by b.bucket_no desc
				</otherwise>
			</choose>
		)
		<![CDATA[
		where rownum <=12
		]]>
		 
	</select>
	<select id="getUserData" resultType="com.group7.inmybucket.vo.UserDataVO">
		select a.bucketCountAll, b.bucketCountGroup, nvl(round(100*c.bucketAccomplished/a.bucketCountAll),0) bucketAccomplishedRate from (select count(*) bucketCountAll, userid from bucket_ref where userid=#{userid} group by userid) a 
					left join (select count(*) bucketCountGroup, userid from group_member_list where userid=#{userid} group by userid) b on a.userid=b.userid
					left join (select count(*) bucketAccomplished, userid from bucket_ref where userid=#{userid} and progress_status=2 group by userid) c on b.userid=c.userid
	</select>
	<update id="profileImageUpdate" parameterType="java.util.List">
		<foreach item="item" collection="list" open="update" separator=" " close="">
			profile set filename=#{item.filename} where userid=#{item.userid}
		</foreach>
	</update>
</mapper>