<?xml version="1.0" encoding="UTF-8"?>
<!DOCTYPE mapper
  PUBLIC "-//mybatis.org//DTD Mapper 3.0//EN"
  "https://mybatis.org/dtd/mybatis-3-mapper.dtd">
  <mapper namespace="com.group7.inmybucket.dao.RegisterDAO">
  	<select id="idCheckCount" resultType="int">
	  	select count(userid) cnt from usertable where userid=#{param1}
	  </select>
	  <insert id="registerInsert">
	  	insert into usertable(userid, userpwd, username, email, usernick, tel, no)
	  	values(#{userid}, #{userpwd}, #{username}, #{email}, #{usernick}, #{tel}, user_sq.nextval)
	  </insert>
	  <select id="loginOk" resultType="com.group7.inmybucket.vo.RegisterVO">
	  	select userid, userpwd, usernick, permission, email from usertable where userid=#{param1} and userpwd=#{param2}
	  </select>
	  <select id="registerEdit" resultType="com.group7.inmybucket.vo.RegisterVO">
	  	select userid, username, email, usernick from usertable
	  	where userid=#{param1}
	  </select>
	  <update id="registerEditOk">
	  	update usertable set userpwd=#{userpwd}, usernick=#{usernick}
	  	where userid=#{userid}
	  </update>
	  <select id="memberIdSearch" parameterType="com.group7.inmybucket.vo.RegisterVO" resultType="com.group7.inmybucket.vo.RegisterVO">
		<![CDATA[
		    select
		        *
		    from
		        usertable
		    where
		        username = #{username}
		    and
		        tel = #{tel}
		]]>    
	</select>
	<select id="memberPwdCheck" parameterType="com.group7.inmybucket.vo.RegisterVO" resultType="java.lang.Integer">
		<![CDATA[
		    select
		        count(*)
		    from
		        usertable
		    where
		        username = #{username}
		    and
		        tel = #{tel}
		    and
		        userid = #{userid}
		]]>    
	</select>
	<update id="passwordUpdate" parameterType="com.group7.inmybucket.vo.RegisterVO" >
	    UPDATE 
	        usertable 
	    SET 
	        userpwd = #{userpwd}
	    where
	        username = #{username}
	    and
	        tel = #{tel}
	    and
	        userid = #{userid}
	</update>
		<select id="psSearch" resultType="string">
	  	select userpwd from usertable where username=#{param1} and email=#{param2}
	  	</select>
	  <delete id="remove" parameterType="com.group7.inmybucket.vo.RegisterVO">
	  	delete from usertable where userid=#{userid} and userpwd=#{userpwd}
	  </delete>
	   <select id="removeForm" resultType="com.group7.inmybucket.vo.RegisterVO">
	  	select userid, userpwd from registertest
	  	where userid=#{param1}
	  </select>
	  <insert id="registerprofile">
	  	INSERT INTO PROFILE(userid) VALUES(#{userid})
	  </insert>
	  <select id="kakaoOk" resultType="int">
	  	select count(email) cnt from usertable where email=#{email}
	  </select>
	  <select id="kaka" resultType="com.group7.inmybucket.vo.RegisterVO">
	  	select userid, userpwd, usernick, permission, email from usertable where email=#{email}
	  </select>
	  
	  <!-- 회원목록 보기-->
	  
	  <select id="userlist" resultType="com.group7.inmybucket.vo.RegisterVO">
		select * from
			(select * from
				(select * from usertable   
				<if test="searchWord!=null"> 검색어가 있을 경우
					and ${searchKey} like '%${searchWord}%'
				</if>
				
				order by username desc)
		 
		<choose>	
			<when test="nowPage!=totalPage">
				<![CDATA[
				where rownum<=${onePageRecord} order by username desc)
				]]>
			</when>
			<when test="nowPage==totalPage">
				<![CDATA[
				where rownum<=${lastPageRecord} order by username desc)
				]]>
			</when>
		</choose>
       <!--  order by username << 뺐음  이름순으로 정렬을 원할경우 코드에서 정렬 하는게 좋음. -->
	  </select>
	  
	  
	  
	  <select id="totalRecord" resultType="int">
		select count(userid) from usertable 
		<if test="searchWord!=null"> 검색어가 있을 경우
			where ${searchKey} like '%${searchWord}%' order by userid desc
		</if>
	</select>
	<select id="pageSelect" resultType="com.group7.inmybucket.vo.RegisterVO">
		select * from
			(select * from
				(select * from usertable   
				<if test="searchWord!=null"> 검색어가 있을 경우
					and ${searchKey} like '%${searchWord}%'
				</if>
				
				order by userid desc)
		
			<![CDATA[
			where rownum<=${onePageRecord*nowPage} order by userid desc)
			]]>
		<choose>	
			<when test="nowPage!=totalPage">
				<![CDATA[
				where rownum<=${onePageRecord} order by userid desc
				]]>
			</when>
			<when test="nowPage==totalPage">
				<![CDATA[
				where rownum<=${lastPageRecord} order by userid desc
				]]>
			</when>
		</choose>
	</select>
	  
	  	<delete id="userMultiLineDelete">
		<!-- delete from usertable where userid in (45,46,23,35, ...); -->
		delete from usertable
		<foreach item="item" collection="list" open="where username in(" separator=", " close=")">
			#{item}
		</foreach>
	</delete>
	  
	  
	  
	  
  </mapper>