<?xml version="1.0" encoding="UTF-8"?>
<!DOCTYPE mapper
  PUBLIC "-//mybatis.org//DTD Mapper 3.0//EN"
  "https://mybatis.org/dtd/mybatis-3-mapper.dtd">
<mapper namespace="com.group7.inmybucket.dao.ReplyDAO">
	<insert id="replyInsert">
		insert into bucket_comment(comment_no, bucket_no, userid, comment_content)
		values(comment_seq.nextval, #{bucket_no}, #{userid}, #{comment_content})
	</insert>
	<select id="replyListSelect" resultType="com.group7.inmybucket.dto.ReplyDTO">
		select comment_no, bucket_no, comment_content, userid, comment_writedate
		from bucket_comment where bucket_no=${param1}
		order by comment_no desc
	</select>
	<update id="replyUpdate">
		update bucket_comment set comment_content=#{comment_content}
		where comment_no=#{comment_no} and userid=#{userid}
	</update>
	<delete id="replyDelete">
		delete from bucket_comment where comment_no=${param1} and userid=#{param2}
	</delete>
</mapper>