<?xml version="1.0" encoding="UTF-8"?>
<!DOCTYPE mapper
  PUBLIC "-//mybatis.org//DTD Mapper 3.0//EN"
  "https://mybatis.org/dtd/mybatis-3-mapper.dtd">
<mapper namespace="com.group7.inmybucket.dao.ReportDAO">
	<insert id="bucketReportInsert">
		insert into bucket_report(bucket_no, title, content, report_no, report_title, report_content, report_category, report_userid)
		values(${bucket_no}, #{title}, #{content}, report_seq.nextval, #{report_title}, #{report_content}, ${report_category}, #{report_userid})
		<selectKey resultType="int" keyProperty="report_no" order="AFTER">
			select report_seq.currval from dual
		</selectKey>
	</insert>
	<select id="bucketReportAllSelect" resultType="com.group7.inmybucket.dto.ReportDTO">
		select bucket_no, title, content, report_no, report_title, report_content, report_category, to_char(report_writedate, 'YYYY-MM-DD') report_writedate, report_userid, report_progress
		from bucket_report order by bucket_no desc
	</select>
	<select id="bucketReportSelect" resultType="com.group7.inmybucket.dto.ReportDTO">
		select bucket_no, title, content, report_no, report_title, report_content, report_category, to_char(report_writedate, 'YYYY-MM-DD') report_writedate, report_userid, report_progress
		from bucket_report where report_no=${param1}
	</select>
	<update id="bucketReportEditUpdate">
		update bucket_report set report_progress=${report_progress}
		where report_no=${report_no}
	</update>
	<delete id="bucketReportDelete">
		delete from bucket_report where report_no=${param1}
	</delete>
</mapper>