<?xml version="1.0" encoding="UTF-8"?>
<beans xmlns="http://www.springframework.org/schema/beans"
	xmlns:xsi="http://www.w3.org/2001/XMLSchema-instance"
	xmlns:context="http://www.springframework.org/schema/context"
	xmlns:mvc="http://www.springframework.org/schema/mvc"
	xsi:schemaLocation="http://www.springframework.org/schema/mvc http://www.springframework.org/schema/mvc/spring-mvc-4.3.xsd
		http://www.springframework.org/schema/beans https://www.springframework.org/schema/beans/spring-beans.xsd
		http://www.springframework.org/schema/context http://www.springframework.org/schema/context/spring-context-4.3.xsd">
	
	<mvc:interceptors>
		<mvc:interceptor>
			<mvc:mapping path="/joinEdit"/>
			<mvc:mapping path="/joinEditOk"/>
			<mvc:mapping path="/register/removeForm"/>
			<mvc:mapping path="/register/remove"/>
			<mvc:mapping path="/bucketWrite"/>
			<mvc:mapping path="/mypage"/>
			<mvc:mapping path="/board/boardWrite"/>
			<mvc:mapping path="/boardWriteOk"/>
			<mvc:mapping path="/board/boardEdit"/>
			<mvc:mapping path="/boardEditOk"/>
			<mvc:mapping path="/boardDel"/>
			<mvc:mapping path="/boardMultiDel"/>
			<mvc:mapping path="/bucket/bucketWrite"/>
			<mvc:mapping path="/bucketWriteOk"/>
			<mvc:mapping path="/bucket/bucketResult"/>
			<mvc:mapping path="/groupRequest.do"/>
			<mvc:mapping path="/bucket/bucketEdit"/>
			<mvc:mapping path="/bucket/bucketEditOk"/>
			<mvc:mapping path="/bucket/bucketDelete"/>
			<mvc:mapping path="bucket/bucketReport"/>
			<mvc:mapping path="/group/main"/>
			<mvc:mapping path="/group/noticeBoard"/>
			<mvc:mapping path="/group/boardList"/>
			<mvc:mapping path="/group/noticeBoard/view"/>
			<mvc:mapping path="/group/boardList/view"/>
			<mvc:mapping path="/group/boardWrite"/>
			<mvc:mapping path="/group/noticeWrite"/>
			<mvc:mapping path="/group/postBoard"/>
			<mvc:mapping path="/group/updateBoard"/>
			<mvc:mapping path="/group/updateBoard"/>
			<mvc:mapping path="/group/deleteBoard"/>
			<mvc:mapping path="/settings"/>
			<mvc:mapping path="/settings"/>
			<mvc:mapping path="/settings"/>
			<mvc:mapping path="/settings"/>
			
			
			<bean class="com.group7.inmybucket.LoginInterceptor"></bean>
			
		</mvc:interceptor>
	</mvc:interceptors>
		
		
</beans>