<?xml version="1.0" encoding="UTF-8"?>
<beans xmlns="http://www.springframework.org/schema/beans"
	xmlns:xsi="http://www.w3.org/2001/XMLSchema-instance"
	xmlns:context="http://www.springframework.org/schema/context"
	xmlns:mvc="http://www.springframework.org/schema/mvc"
	xsi:schemaLocation="http://www.springframework.org/schema/mvc http://www.springframework.org/schema/mvc/spring-mvc-4.3.xsd
		http://www.springframework.org/schema/beans https://www.springframework.org/schema/beans/spring-beans.xsd
		http://www.springframework.org/schema/context http://www.springframework.org/schema/context/spring-context-4.3.xsd">
	
	<mvc:interceptors>
		<mvc:interceptor>
			<mvc:mapping path="/adminindex"/>
			<mvc:mapping path="/adminboard"/>
			<mvc:mapping path="/adboardView"/>
			<mvc:mapping path="/boardMultiDel"/>
			<mvc:mapping path="/userlist"/>
			<mvc:mapping path="/aduserDel"/>
			<mvc:mapping path="/aduserMultiDel"/>
			<mvc:mapping path="/aduserDel"/>
			
			
			
			<bean class="com.group7.inmybucket.AdminInterceptor"></bean>
			
		</mvc:interceptor>
	</mvc:interceptors>
		
		
</beans>