<?xml version="1.0" encoding="UTF-8"?>
<beans:beans
	xmlns="http://www.springframework.org/schema/mvc"
	xmlns:xsi="http://www.w3.org/2001/XMLSchema-instance"
	xmlns:beans="http://www.springframework.org/schema/beans"
	xmlns:mvc="http://www.springframework.org/schema/mvc"
	xmlns:context="http://www.springframework.org/schema/context"
	xsi:schemaLocation="
		http://www.springframework.org/schema/mvc 
		https://www.springframework.org/schema/mvc/spring-mvc.xsd
		http://www.springframework.org/schema/beans 
		https://www.springframework.org/schema/beans/spring-beans.xsd
		http://www.springframework.org/schema/context 
		https://www.springframework.org/schema/context/spring-context.xsd">

	<!-- DispatcherServlet Context: defines this servlet's request-processing 
		infrastructure -->

	<!-- Enables the Spring MVC @Controller programming model -->
	<annotation-driven />

	<!-- Handles HTTP GET requests for /resources/** by efficiently serving 
		up static resources in the ${webappRoot}/resources directory -->
	<resources mapping="/resources/**" location="/resources/" />
	<resources mapping="/common/**" location="/common/" />
	<resources mapping="/uploadfile/**"
		location="C:\IMB\.metadata\.plugins\org.eclipse.wst.server.core\tmp0\wtpwebapps\in-my-bucket\uploadfile" /><!-- 
		/Users/chaerin/project/MultiCampus/workspaceSpring/.metadata/.plugins/org.eclipse.wst.server.core/tmp0/wtpwebapps/in-my-bucket/uploadfile -->


	<!-- Resolves views selected for rendering by @Controllers to .jsp resources 
		in the /WEB-INF/views directory -->
	<beans:bean
		class="org.springframework.web.servlet.view.InternalResourceViewResolver">
		<beans:property name="prefix" value="/WEB-INF/views/" />
		<beans:property name="suffix" value=".jsp" />
	</beans:bean>

	<context:component-scan
		base-package="com.group7.inmybucket" />

	<!-- email send -->
	<beans:bean id="mailSender"
		class="org.springframework.mail.javamail.JavaMailSenderImpl">
		<beans:property name="host" value="smtp.naver.com"></beans:property>
		<beans:property name="port" value="587"></beans:property>
		<beans:property name="username"
			value="gprhf123@naver.com"></beans:property>
		<beans:property name="password" value="thdtjdwns1"></beans:property>
		<beans:property name="defaultEncoding" value="utf-8"></beans:property>
		<beans:property name="javaMailProperties">
			<beans:props>
				<beans:prop key="mail.transport.protocol">smtp</beans:prop>
				<beans:prop key="mail.smtp.auth">true</beans:prop>
				<beans:prop key="mail.smtp.starttls.enable">true</beans:prop>
				<beans:prop key="mail.debug">true</beans:prop>
			</beans:props>
		</beans:property>
	</beans:bean>

	<!-- 파일 업로드 -->
	<beans:bean id="multipartResolver"
		class="org.springframework.web.multipart.commons.CommonsMultipartResolver"></beans:bean>

	<mvc:interceptors>
		<mvc:interceptor>
			<mvc:mapping path="/group/**" />
			<beans:bean id="groupInteceptor"
				class="com.group7.inmybucket.interceptor.GroupInterceptor" />
		</mvc:interceptor>
	</mvc:interceptors>
</beans:beans>
